answerID,answerChangedCount,edad,escuela,genero,grado,loID,problema,respuesta,respuestaJ,tiempo,tipo,userID
-LcC9YTT1z3chbNjjLz0,1,10,Colegio la Ensenanza,1,5,0,1+3=?,4,4,3.516330719,1,-LcC9XItyyOrVxzcUKCC
-LcC9ZI_AHFh-xldatx-,1,10,Colegio la Ensenanza,1,5,0,1+3=?,4,4,4.707388401,1,-LcC9Y01hq-wpSGPOKxj
-LcC9ZQ5GRSmhi5gMeI1,1,10,Colegio la Ensenanza,1,5,0,4+2=?,6,6,3.828845501,1,-LcC9XItyyOrVxzcUKCC
-LcC9ZbnEritDIyDnakp,1,9,Colegio la Ensenanza,1,5,0,1+3=?,4,4,6.119636059,1,-LcC9XonlJh6zjm8wRMb
-LcC9_-iQ0ybqS1n3QRk,1,10,Colegio la Ensenanza,1,5,0,4+2=?,6,6,2.886627674,1,-LcC9Y01hq-wpSGPOKxj
-LcC9_Xiv_WpgttXIWAL,1,10,Colegio la Ensenanza,1,5,0,4+3=?,7,7,4.579615116,1,-LcC9XItyyOrVxzcUKCC
-LcC9_mDamwVB8sTItiA,1,9,Colegio la Ensenanza,1,5,0,4+2=?,6,6,4.746092319,1,-LcC9XonlJh6zjm8wRMb
-LcC9a-Yp4hMnTtdouTE,1,10,Colegio la Ensenanza,1,5,0,4+3=?,7,7,4.087166786,1,-LcC9Y01hq-wpSGPOKxj
-LcC9a1n4XUxf3jWRSlk,1,10,Colegio la Ensenanza,1,5,0,3+1=?,4,4,2.056008339,1,-LcC9XItyyOrVxzcUKCC
-LcC9aToGKIEd7mQYp2a,1,10,Colegio la Ensenanza,1,5,0,3+1=?,4,4,1.935474396,1,-LcC9Y01hq-wpSGPOKxj
-LcC9afk3D_DoxGqP6cP,1,10,Colegio la Ensenanza,1,5,0,6+4=?,10,10,2.623589516,1,-LcC9XItyyOrVxzcUKCC
-LcC9akPcBWe1QM5obE9,1,9,Colegio la Ensenanza,1,5,0,4+3=?,7,7,3.961179733,1,-LcC9XonlJh6zjm8wRMb
-LcC9bB_4cbtY7uxSsJz,1,10,Colegio la Ensenanza,1,5,1,1+10=?,11,11,2.089794159,1,-LcC9XItyyOrVxzcUKCC
-LcC9bYMER392K6_8_5F,1,9,Colegio la Ensenanza,1,5,0,3+1=?,4,4,3.275527954,1,-LcC9XonlJh6zjm8wRMb
-LcC9bddrVQd_c1DzJMC,1,10,Colegio la Ensenanza,1,5,0,6+4=?,10,10,4.788511276,1,-LcC9Y01hq-wpSGPOKxj
-LcC9bxqmnMYPzVsUs_V,1,10,Colegio la Ensenanza,1,5,1,3+10=?,13,13,3.158555984,1,-LcC9XItyyOrVxzcUKCC
-LcC9c6L2MPsLV98IneP,1,10,Colegio la Ensenanza,1,5,1,1+10=?,11,11,1.901422501,1,-LcC9Y01hq-wpSGPOKxj
-LcC9cXMpzZEjykT2Dgq,1,10,Colegio la Ensenanza,1,5,1,5+10=?,15,15,2.340490341,1,-LcC9XItyyOrVxzcUKCC
-LcC9cedMmHYn4FFsUBK,1,9,Colegio la Ensenanza,1,5,0,6+4=?,10,10,4.562072754,1,-LcC9XonlJh6zjm8wRMb
-LcC9ckZDmVjiLIbtg13,1,10,Colegio la Ensenanza,1,5,1,3+10=?,13,13,2.636203766,1,-LcC9Y01hq-wpSGPOKxj
-LcC9d5vq8OERFCc9b8t,1,10,Colegio la Ensenanza,1,5,1,7+10=?,17,17,2.339868546,1,-LcC9XItyyOrVxzcUKCC
-LcC9dH4bOWTliK3cjbW,1,9,Colegio la Ensenanza,1,5,1,1+10=?,11,11,2.52394104,1,-LcC9XonlJh6zjm8wRMb
-LcC9dJlwwR5-GQa9tCW,1,10,Colegio la Ensenanza,1,5,1,5+10=?,15,15,2.319143295,1,-LcC9Y01hq-wpSGPOKxj
-LcC9do2H_ZPrlM1zCm6,1,10,Colegio la Ensenanza,1,5,1,7+10=?,17,17,2.001899719,1,-LcC9Y01hq-wpSGPOKxj
-LcC9dq8O16ffBIEBFoD,1,10,Colegio la Ensenanza,1,5,1,0+10=?,10,10,3.025648117,1,-LcC9XItyyOrVxzcUKCC
-LcC9eBmsjmYKXELjgmc,1,9,Colegio la Ensenanza,1,5,1,3+10=?,13,13,3.743293762,1,-LcC9XonlJh6zjm8wRMb
-LcC9eO6hmGWtpLXygJN,1,10,Colegio la Ensenanza,1,5,1,0+10=?,10,10,2.369123459,1,-LcC9Y01hq-wpSGPOKxj
-LcC9eXiXNARA9AZQSKi,1,10,Colegio la Ensenanza,1,5,2,2+12=?,14,14,2.840919495,1,-LcC9XItyyOrVxzcUKCC
-LcC9eoPum_lXZS7jZUc,1,9,Colegio la Ensenanza,1,5,1,5+10=?,15,15,2.540306091,1,-LcC9XonlJh6zjm8wRMb
-LcC9f9rVnilpEvx3r3U,1,10,Colegio la Ensenanza,1,5,2,2+12=?,14,14,3.186515808,1,-LcC9Y01hq-wpSGPOKxj
-LcC9fNdRvnhCL0rRqMF,1,9,Colegio la Ensenanza,1,5,1,7+10=?,17,17,2.323066711,1,-LcC9XonlJh6zjm8wRMb
-LcC9fRuSUalwt1lJAhS,1,10,Colegio la Ensenanza,1,5,2,6+11=?,17,17,3.727806091,1,-LcC9XItyyOrVxzcUKCC
-LcC9fVitw-uKAYylITH,1,10,Colegio la Ensenanza,1,5,0,1+3=?,4,4,3.663734674,1,-LcC9eJjqssJq3TxrRB-
-LcC9g3sQg_1ILXob5dM,1,9,Colegio la Ensenanza,1,5,1,0+10=?,10,10,2.824508667,1,-LcC9XonlJh6zjm8wRMb
-LcC9gbZxcyVEpLwwbLu,1,10,Colegio la Ensenanza,1,5,0,4+2=?,6,6,4.429361343,1,-LcC9eJjqssJq3TxrRB-
-LcC9gnSWkbb1YtbKVyc,1,9,Colegio la Ensenanza,1,5,2,2+12=?,14,14,2.991016388,1,-LcC9XonlJh6zjm8wRMb
-LcC9gyrUlXQAi4EW4sj,1,10,Colegio la Ensenanza,1,5,2,6+11=?,17,17,7.424129486,1,-LcC9Y01hq-wpSGPOKxj
-LcC9h18RgoVtFzKV-Xi,1,10,Colegio la Ensenanza,1,5,0,1+3=?,4,4,13.07874298,1,-LcC9dfKMykAfuobp_Z3
-LcC9hEiOhzVQd6tY5FZ,1,10,Colegio la Ensenanza,1,5,2,7+17=?,24,24,7.353916168,1,-LcC9XItyyOrVxzcUKCC
-LcC9hRJgB5HfB772phz,1,10,Colegio la Ensenanza,1,5,0,4+3=?,7,7,3.376303673,1,-LcC9eJjqssJq3TxrRB-
-LcC9i-CoEhksPvfMrvW,1,9,Colegio la Ensenanza,1,5,2,6+11=?,17,17,4.914043427,1,-LcC9XonlJh6zjm8wRMb
-LcC9i4XVWl5OZISN1sN,1,10,Colegio la Ensenanza,1,5,0,3+1=?,4,4,2.640624046,1,-LcC9eJjqssJq3TxrRB-
-LcC9i9FwEoy9FdfZhDx,1,10,Colegio la Ensenanza,1,5,2,8+21=?,29,29,3.744300842,1,-LcC9XItyyOrVxzcUKCC
-LcC9iPaE5wrkWklpMxM,1,10,Colegio la Ensenanza,1,5,2,7+17=?,24,24,5.872585297,1,-LcC9Y01hq-wpSGPOKxj
-LcC9im28k6WZRFb5Zt0,1,10,Colegio la Ensenanza,1,5,2,3+30=?,33,33,2.540687561,1,-LcC9XItyyOrVxzcUKCC
-LcC9inU1CReN5o1QPzh,1,10,Colegio la Ensenanza,1,5,0,4+2=?,6,6,7.254611969,1,-LcC9dfKMykAfuobp_Z3
-LcC9jCWFXmsihozfQPn,1,9,Colegio la Ensenanza,1,5,2,7+17=?,24,24,4.946674347,1,-LcC9XonlJh6zjm8wRMb
-LcC9jay-iArQ1QHcfgU,1,10,Colegio la Ensenanza,1,5,0,6+4=?,10,10,6.235054016,1,-LcC9eJjqssJq3TxrRB-
-LcC9jeKoRv6ARp1KGjF,1,10,Colegio la Ensenanza,1,5,0,4+3=?,7,7,3.509729385,1,-LcC9dfKMykAfuobp_Z3
-LcC9jgGJH7xPyGEqbQp,1,10,Colegio la Ensenanza,1,5,3,13+10=?,23,23,3.727134705,1,-LcC9XItyyOrVxzcUKCC
-LcC9jwrdgghuNzwXdxL,1,10,Colegio la Ensenanza,1,5,2,8+21=?,29,29,6.29013443,1,-LcC9Y01hq-wpSGPOKxj
-LcC9k8hqJOvjOHvhiHx,1,10,Colegio la Ensenanza,1,5,0,3+1=?,4,4,2.008644104,1,-LcC9dfKMykAfuobp_Z3
-LcC9k9zz9Y62LjDBZs-,1,10,Colegio la Ensenanza,1,5,1,1+10=?,11,11,2.30639267,1,-LcC9eJjqssJq3TxrRB-
-LcC9kT-Y6_g1kDCce0v,1,10,Colegio la Ensenanza,1,5,2,3+30=?,33,33,2.118946075,1,-LcC9Y01hq-wpSGPOKxj
-LcC9kdIY0lvq_SgDG3P,1,10,Colegio la Ensenanza,1,5,3,22+10=?,32,32,3.911235809,1,-LcC9XItyyOrVxzcUKCC
-LcC9kf3EGD53Nw3Y0oX,1,9,Colegio la Ensenanza,1,5,2,8+21=?,29,29,5.983341217,1,-LcC9XonlJh6zjm8wRMb
-LcC9krhCcOBpHJfCiy1,1,10,Colegio la Ensenanza,1,5,1,3+10=?,13,13,2.874656677,1,-LcC9eJjqssJq3TxrRB-
-LcC9lHU_-4vAks25ysn,1,10,Colegio la Ensenanza,1,5,0,6+4=?,10,10,4.657096863,1,-LcC9dfKMykAfuobp_Z3
-LcC9lS-Ehn8jb7JMIkI,1,10,Colegio la Ensenanza,1,5,1,5+10=?,15,15,2.373502731,1,-LcC9eJjqssJq3TxrRB-
-LcC9lWIVz8VAeFr8ozV,1,10,Colegio la Ensenanza,1,5,3,17+10=?,27,27,3.564636946,1,-LcC9XItyyOrVxzcUKCC
-LcC9laAef0vQpQo0m1c,1,9,Colegio la Ensenanza,1,5,2,3+30=?,33,33,3.776241302,1,-LcC9XonlJh6zjm8wRMb
-LcC9lpnwraD5LUoIwsE,1,10,Colegio la Ensenanza,1,5,1,1+10=?,11,11,2.260908127,1,-LcC9dfKMykAfuobp_Z3
-LcC9m1lpk7B8MHSCvZo,1,10,Colegio la Ensenanza,1,5,0,1+3=?,4,4,4.464692593,1,-LcC9kcyGjlrJufhWjY2
-LcC9m4vF-JQ1J_gO9qN,1,10,Colegio la Ensenanza,1,5,1,7+10=?,17,17,2.623758316,1,-LcC9eJjqssJq3TxrRB-
-LcC9mbm199nTX1m8qzw,1,10,Colegio la Ensenanza,1,5,0,4+2=?,6,6,2.389904022,1,-LcC9kcyGjlrJufhWjY2
-LcC9mimiuI93MTine3v,1,10,Colegio la Ensenanza,1,5,1,0+10=?,10,10,2.624443054,1,-LcC9eJjqssJq3TxrRB-
-LcC9mtOxYc-FgpvTOUT,1,10,Colegio la Ensenanza,1,5,3,33+10=?,43,43,5.632846355,1,-LcC9XItyyOrVxzcUKCC
-LcC9nADE4vOiA0X27V1,1,10,Colegio la Ensenanza,1,5,1,3+10=?,13,13,5.466247559,1,-LcC9dfKMykAfuobp_Z3
-LcC9nKM3ZTQq0IPeyYP,1,10,Colegio la Ensenanza,1,5,2,2+12=?,14,14,2.457038879,1,-LcC9eJjqssJq3TxrRB-
-LcC9nOsbU9vExMqc4ri,1,10,Colegio la Ensenanza,1,5,0,4+3=?,7,7,3.208703518,1,-LcC9kcyGjlrJufhWjY2
-LcC9nPkiDAYW0sglel_,1,9,Colegio la Ensenanza,1,5,3,13+10=?,23,23,7.47061348,1,-LcC9XonlJh6zjm8wRMb
-LcC9ncyiA_6W6-Dq3gH,1,10,Colegio la Ensenanza,1,5,3,40+10=?,50,50,3.059169769,1,-LcC9XItyyOrVxzcUKCC
-LcC9o0HZIXW-nOlKJh5,1,10,Colegio la Ensenanza,1,5,0,3+1=?,4,4,2.523809433,1,-LcC9kcyGjlrJufhWjY2
-LcC9o0mzMa4mb7eWU7p,1,10,Colegio la Ensenanza,1,5,1,5+10=?,15,15,3.492202759,1,-LcC9dfKMykAfuobp_Z3
-LcC9o2FVd1ecpibUYeH,1,10,Colegio la Ensenanza,1,5,2,6+11=?,17,17,2.942001343,1,-LcC9eJjqssJq3TxrRB-
-LcC9oDYP3mPEto1QAzp,1,10,Colegio la Ensenanza,1,5,0,1+3=?,4,4,4.007990837,1,-LcC9mrulG_GRim-O7f6
-LcC9omtcylXtJpp2L9T,1,10,Colegio la Ensenanza,1,5,0,6+4=?,10,10,3.174717903,1,-LcC9kcyGjlrJufhWjY2
-LcC9ov7Vk4I-PU1sN9u,1,10,Colegio la Ensenanza,1,5,0,4+2=?,6,6,2.853291512,1,-LcC9mrulG_GRim-O7f6
-LcC9owjHKsITx5cbZ2a,3,10,Colegio la Ensenanza,1,5,3,13+10=?,23,23,18.33721161,1,-LcC9Y01hq-wpSGPOKxj
-LcC9p2v5vKilnqnNjnc,1,9,Colegio la Ensenanza,1,5,3,22+10=?,32,32,6.718693733,1,-LcC9XonlJh6zjm8wRMb
-LcC9pA4hlL6xjy_hcgr,1,10,Colegio la Ensenanza,1,5,1,7+10=?,17,17,4.689868927,1,-LcC9dfKMykAfuobp_Z3
-LcC9pUBBy3teRH25aIR,1,10,Colegio la Ensenanza,1,5,1,1+10=?,11,11,2.824529648,1,-LcC9kcyGjlrJufhWjY2
-LcC9pWm6v9T-_iYgxvo,1,10,Colegio la Ensenanza,1,5,0,4+3=?,7,7,2.469610214,1,-LcC9mrulG_GRim-O7f6
-LcC9phaHgBM2qv6mrZC,1,10,Colegio la Ensenanza,1,5,1,0+10=?,10,10,2.210029602,1,-LcC9dfKMykAfuobp_Z3
-LcC9pjl9utDsnOc0-jz,1,10,Colegio la Ensenanza,1,5,2,7+17=?,24,24,6.936275482,1,-LcC9eJjqssJq3TxrRB-
-LcC9pvrakSFDY__rHk5,1,10,Colegio la Ensenanza,1,5,3,22+10=?,32,32,4.037977219,1,-LcC9Y01hq-wpSGPOKxj
-LcC9q1VVoSBI0_BVvJL,1,10,Colegio la Ensenanza,1,5,0,3+1=?,4,4,2.085813522,1,-LcC9mrulG_GRim-O7f6
-LcC9qJk6H3QxlCaKNsh,1,10,Colegio la Ensenanza,1,5,1,3+10=?,13,13,3.42596817,1,-LcC9kcyGjlrJufhWjY2
-LcC9qVjF4iIcypa1e7N,1,10,Colegio la Ensenanza,1,5,2,2+12=?,14,14,3.272827148,1,-LcC9dfKMykAfuobp_Z3
-LcC9qtSyduotX7aiEqJ,1,10,Colegio la Ensenanza,1,5,1,5+10=?,15,15,2.356374741,1,-LcC9kcyGjlrJufhWjY2
-LcC9rUB3iM2Yw37QWmx,1,10,Colegio la Ensenanza,1,5,3,17+10=?,27,27,6.357303619,1,-LcC9Y01hq-wpSGPOKxj
-LcC9ra5Ea9hkzxdLTbB,3,10,Colegio la Ensenanza,1,5,0,6+4=?,10,10,6.374279022,1,-LcC9mrulG_GRim-O7f6
-LcC9rcB_m1CLanelDW1,1,10,Colegio la Ensenanza,1,5,2,8+21=?,29,29,7.722579956,1,-LcC9eJjqssJq3TxrRB-
-LcC9s1y90-gOvBWWe7j,1,10,Colegio la Ensenanza,1,5,1,7+10=?,17,17,4.696216583,1,-LcC9kcyGjlrJufhWjY2
-LcC9s916SxUywRXqRbC,1,10,Colegio la Ensenanza,1,5,1,1+10=?,11,11,2.302736282,1,-LcC9mrulG_GRim-O7f6
-LcC9sAZcfGmjN71PzcS,1,10,Colegio la Ensenanza,1,5,2,3+30=?,33,33,2.256385803,1,-LcC9eJjqssJq3TxrRB-
-LcC9sJ4Rkos6S3KtMUM,1,10,Colegio la Ensenanza,1,5,4,17+25=?,42,42,19.13788414,1,-LcC9XItyyOrVxzcUKCC
-LcC9sNlNqdVX5513ZW1,1,10,Colegio la Ensenanza,1,5,3,33+10=?,43,43,3.687473297,1,-LcC9Y01hq-wpSGPOKxj
-LcC9sbQxTJGs170O6qm,1,10,Colegio la Ensenanza,1,5,1,0+10=?,10,10,2.339935303,1,-LcC9kcyGjlrJufhWjY2
-LcC9stdU_U1gDK-Ks_k,1,10,Colegio la Ensenanza,1,5,2,6+11=?,17,20,9.769516945,1,-LcC9dfKMykAfuobp_Z3
-LcC9sxY2Oe_g7tGbeLO,1,10,Colegio la Ensenanza,1,5,3,40+10=?,50,50,2.352493286,1,-LcC9Y01hq-wpSGPOKxj
-LcC9sxrAbTm0nOH49Ja,1,10,Colegio la Ensenanza,1,5,1,3+10=?,13,13,3.32062912,1,-LcC9mrulG_GRim-O7f6
-LcC9t9mVWXnYI-aasoC,1,10,Colegio la Ensenanza,1,5,0,1+3=?,4,4,4.636819363,1,-LcC9rgHb4ER9LwTW1Kh
-LcC9tAJlr9n30_0hmXG,1,10,Colegio la Ensenanza,1,5,3,13+10=?,23,23,4.078529358,1,-LcC9eJjqssJq3TxrRB-
-LcC9tCAYb5FJIJzYyQj,1,10,Colegio la Ensenanza,1,5,4,25+25=?,50,50,3.660400391,1,-LcC9XItyyOrVxzcUKCC
-LcC9tKi2LrR5OXGsPGy,1,10,Colegio la Ensenanza,1,5,2,2+12=?,14,14,2.957788467,1,-LcC9kcyGjlrJufhWjY2
-LcC9tqqcjXBlzMoLnDT,1,10,Colegio la Ensenanza,1,5,0,4+2=?,6,6,2.743067265,1,-LcC9rgHb4ER9LwTW1Kh
-LcC9tv2Tzklug5UH4l2,1,10,Colegio la Ensenanza,1,5,1,5+10=?,15,15,3.921333313,1,-LcC9mrulG_GRim-O7f6
-LcC9uTx99E-iZCD7FSf,1,10,Colegio la Ensenanza,1,5,4,42+35=?,77,77,5.231880188,1,-LcC9XItyyOrVxzcUKCC
-LcC9uX1B8euQMjBdnfq,1,10,Colegio la Ensenanza,1,5,2,7+17=?,24,24,6.680567741,1,-LcC9dfKMykAfuobp_Z3
-LcC9uZqh450gXV8mfZT,1,10,Colegio la Ensenanza,1,5,1,7+10=?,17,17,2.669858932,1,-LcC9mrulG_GRim-O7f6
-LcC9ujdgJQ4_OlvauxQ,1,10,Colegio la Ensenanza,1,5,0,4+3=?,7,7,3.629800797,1,-LcC9rgHb4ER9LwTW1Kh
-LcC9unmk_HQpxEvZCEc,1,10,Colegio la Ensenanza,1,5,2,6+11=?,17,17,6.033164978,1,-LcC9kcyGjlrJufhWjY2
-LcC9uyL9mpDG-T9Hl9_,1,10,Colegio la Ensenanza,1,5,3,22+10=?,32,32,7.345588684,1,-LcC9eJjqssJq3TxrRB-
-LcC9vHOt7-o5y3Jb3LT,1,10,Colegio la Ensenanza,1,5,0,3+1=?,4,4,2.224948883,1,-LcC9rgHb4ER9LwTW1Kh
-LcC9vHYqx9wfuN8vA3I,1,10,Colegio la Ensenanza,1,5,1,0+10=?,10,10,2.920154572,1,-LcC9mrulG_GRim-O7f6
-LcC9vqvS18-TiRUpb44,1,10,Colegio la Ensenanza,1,5,4,17+25=?,42,42,11.86352539,1,-LcC9Y01hq-wpSGPOKxj
-LcC9vzdSR_nOunZuPlU,1,10,Colegio la Ensenanza,1,5,0,6+4=?,10,10,2.894105911,1,-LcC9rgHb4ER9LwTW1Kh
-LcC9vzojhQatKQN2V-h,1,10,Colegio la Ensenanza,1,5,2,2+12=?,14,14,2.903461456,1,-LcC9mrulG_GRim-O7f6
-LcC9w-UBbAulM2oFHZQ,1,10,Colegio la Ensenanza,1,5,3,17+10=?,27,27,4.245811462,1,-LcC9eJjqssJq3TxrRB-
-LcC9w6VGsWHIT7FMh5L,1,9,Colegio la Ensenanza,1,5,3,17+10=?,27,27,28.91135025,1,-LcC9XonlJh6zjm8wRMb
-LcC9wcUCrU3CHIXAH44,1,10,Colegio la Ensenanza,1,5,1,1+10=?,11,11,2.609714508,1,-LcC9rgHb4ER9LwTW1Kh
-LcC9wns-ZwPcJh9yvLj,1,10,Colegio la Ensenanza,1,5,2,6+11=?,17,17,3.320159912,1,-LcC9mrulG_GRim-O7f6
-LcC9xBmMbCFwobvzaGT,1,9,Colegio la Ensenanza,1,5,0,1+3=?,4,4,9.053231239,1,-LcC9ugDAkclZB5AjqbU
-LcC9xCGWmDbHAMteuKM,1,10,Colegio la Ensenanza,1,5,3,33+10=?,43,43,4.914291382,1,-LcC9eJjqssJq3TxrRB-
-LcC9xGdA4XgwY-R62n5,1,10,Colegio la Ensenanza,1,5,2,8+21=?,29,29,11.23504639,1,-LcC9dfKMykAfuobp_Z3
-LcC9xIdsfVfTQXVTj_U,1,10,Colegio la Ensenanza,1,5,1,3+10=?,13,13,2.760282516,1,-LcC9rgHb4ER9LwTW1Kh
-LcC9xbq7NJi5Md2AV6B,1,10,Colegio la Ensenanza,1,5,2,7+17=?,24,24,11.51521301,1,-LcC9kcyGjlrJufhWjY2
-LcC9xfhYXUXFWh1CjX9,1,10,Colegio la Ensenanza,1,5,4,46+37=?,83,83,13.1046257,1,-LcC9XItyyOrVxzcUKCC
-LcC9xsOEsYGY8X_fsN9,1,10,Colegio la Ensenanza,1,5,0,1+3=?,4,4,4.770654678,1,-LcC9wOQ-n9_rixV8tVy
-LcC9xtMHBTIvADEaBpe,1,10,Colegio la Ensenanza,1,5,3,40+10=?,50,50,2.824386597,1,-LcC9eJjqssJq3TxrRB-
-LcC9y-adtPciwPafZ3_,1,9,Colegio la Ensenanza,1,5,3,33+10=?,43,43,7.754650116,1,-LcC9XonlJh6zjm8wRMb
-LcC9y1zKgPs_1fixHSG,1,10,Colegio la Ensenanza,1,5,1,5+10=?,15,15,3.027938843,1,-LcC9rgHb4ER9LwTW1Kh
-LcC9y3ygf56a59IxPaX,1,10,Colegio la Ensenanza,1,5,2,3+30=?,33,33,3.289680481,1,-LcC9dfKMykAfuobp_Z3
-LcC9ycTzaW7T-p_So-_,1,9,Colegio la Ensenanza,1,5,3,40+10=?,50,50,2.540241241,1,-LcC9XonlJh6zjm8wRMb
-LcC9yod71vTEToFbuL6,1,9,Colegio la Ensenanza,1,5,0,4+2=?,6,6,6.607574463,1,-LcC9ugDAkclZB5AjqbU
-LcC9yq9vo8tvh_S7ohF,1,10,Colegio la Ensenanza,1,5,1,7+10=?,17,17,3.27888298,1,-LcC9rgHb4ER9LwTW1Kh
-LcC9yr1GJztdPdZABqB,1,10,Colegio la Ensenanza,1,5,0,4+2=?,6,6,3.981107712,1,-LcC9wOQ-n9_rixV8tVy
-LcC9ytXxWUc96UKo_T1,1,10,Colegio la Ensenanza,1,5,2,7+17=?,24,24,8.560077667,1,-LcC9mrulG_GRim-O7f6
-LcC9yy5aP7burIN6D-b,1,10,Colegio la Ensenanza,1,5,4,25+25=?,50,40,12.74823761,1,-LcC9Y01hq-wpSGPOKxj
-LcC9zLxyV2AsoJshbs1,1,10,Colegio la Ensenanza,1,5,1,0+10=?,10,10,2.09107399,1,-LcC9rgHb4ER9LwTW1Kh
-LcC9zVGHtMHwah9nef9,1,10,Colegio la Ensenanza,1,5,0,4+3=?,7,7,2.643174171,1,-LcC9wOQ-n9_rixV8tVy
-LcC9zjE6tIASPoN8ZPX,1,10,Colegio la Ensenanza,1,5,4,61+39=?,100,100,8.407318115,1,-LcC9XItyyOrVxzcUKCC
-LcC9zvzxPMQElNnRSBb,1,10,Colegio la Ensenanza,1,5,2,2+12=?,14,14,2.37553978,1,-LcC9rgHb4ER9LwTW1Kh
-LcCA-7ChrastKs45A8P,1,9,Colegio la Ensenanza,1,5,0,4+3=?,7,7,5.353266716,1,-LcC9ugDAkclZB5AjqbU
-LcCA-8_LNe-TPgXPfYc,1,10,Colegio la Ensenanza,1,5,2,8+21=?,29,29,5.122695923,1,-LcC9mrulG_GRim-O7f6
-LcCA-KWgBlSVX122sa9,1,10,Colegio la Ensenanza,1,5,0,3+1=?,4,4,3.395970345,1,-LcC9wOQ-n9_rixV8tVy
-LcCA-VmLq89RRkzbi7Y,1,10,Colegio la Ensenanza,1,5,3,13+10=?,23,23,9.972332001,1,-LcC9dfKMykAfuobp_Z3
-LcCA-pfyqLigcnkKAZY,1,10,Colegio la Ensenanza,1,5,2,3+30=?,33,33,2.820007324,1,-LcC9mrulG_GRim-O7f6
-LcCA00EMTw5uZFxRL9q,1,10,Colegio la Ensenanza,1,5,4,17+25=?,42,42,12.7863884,1,-LcC9eJjqssJq3TxrRB-
-LcCA04gKZrXBV_7NRtO,1,9,Colegio la Ensenanza,1,5,0,3+1=?,4,4,3.931301117,1,-LcC9ugDAkclZB5AjqbU
-LcCA0AgBvGvf8gyvtzk,1,10,Colegio la Ensenanza,1,5,2,8+21=?,29,29,14.57299995,1,-LcC9kcyGjlrJufhWjY2
-LcCA0aHYAj3F8xzUo_9,1,10,Colegio la Ensenanza,1,5,2,6+11=?,17,17,6.808708191,1,-LcC9rgHb4ER9LwTW1Kh
-LcCA0zYYEPmPugrENPu,1,10,Colegio la Ensenanza,1,5,2,3+30=?,33,33,3.308952332,1,-LcC9kcyGjlrJufhWjY2
-LcCA1N_iSCc5d9jrjl6,1,9,Colegio la Ensenanza,1,5,0,6+4=?,10,10,5.303071976,1,-LcC9ugDAkclZB5AjqbU
-LcCA1b7REpoEY9iF0eK,1,10,Colegio la Ensenanza,1,5,0,6+4=?,10,10,9.318021774,1,-LcC9wOQ-n9_rixV8tVy
-LcCA1bjQcy46TFd3bOO,1,10,Colegio la Ensenanza,1,5,3,13+10=?,23,23,4.68163681,1,-LcC9mrulG_GRim-O7f6
-LcCA1hvul92YUB-OZOm,1,10,Colegio la Ensenanza,1,5,4,42+35=?,77,77,15.33288574,1,-LcC9Y01hq-wpSGPOKxj
-LcCA1thY4Hvg385FZtL,1,9,Colegio la Ensenanza,1,5,4,17+25=?,42,42,17.46775818,1,-LcC9XonlJh6zjm8wRMb
-LcCA1vaZWa7MUTH1dpk,1,10,Colegio la Ensenanza,1,5,4,25+25=?,50,40,7.839168549,1,-LcC9eJjqssJq3TxrRB-
-LcCA1xaBBh1Yr1e3sQm,1,9,Colegio la Ensenanza,1,5,1,1+10=?,11,11,2.358781815,1,-LcC9ugDAkclZB5AjqbU
-LcCA2HeEhpbP_GnvfJo,1,10,Colegio la Ensenanza,1,5,1,1+10=?,11,11,2.776996613,1,-LcC9wOQ-n9_rixV8tVy
-LcCA2acxgZB271eU0dN,1,10,Colegio la Ensenanza,1,5,2,7+17=?,24,24,8.213897705,1,-LcC9rgHb4ER9LwTW1Kh
-LcCA2fajVYfy5I8kr2K,1,9,Colegio la Ensenanza,1,5,1,3+10=?,13,13,2.961032867,1,-LcC9ugDAkclZB5AjqbU
-LcCA2mwJardMUyrDCY6,1,10,Colegio la Ensenanza,1,5,3,22+10=?,32,26,13.44940186,1,-LcC9dfKMykAfuobp_Z3
-LcCA2nv7XQ62EcCGyq9,1,10,Colegio la Ensenanza,1,5,3,13+10=?,23,23,7.454195023,1,-LcC9kcyGjlrJufhWjY2
-LcCA37rKQ0R3LOLYcDu,1,10,Colegio la Ensenanza,1,5,1,3+10=?,13,13,3.479618073,1,-LcC9wOQ-n9_rixV8tVy
-LcCA3ErpffOC14loTdr,1,9,Colegio la Ensenanza,1,5,1,5+10=?,15,15,2.308589935,1,-LcC9ugDAkclZB5AjqbU
-LcCA3bLjgWQXvdZRdYN,1,9,Colegio la Ensenanza,1,5,4,25+25=?,50,50,7.01978302,1,-LcC9XonlJh6zjm8wRMb
-LcCA3cNll2kGXBWA-He,1,10,Colegio la Ensenanza,1,5,3,22+10=?,32,32,8.243163109,1,-LcC9mrulG_GRim-O7f6
-LcCA3px9_PmTAIBx6XR,1,9,Colegio la Ensenanza,1,5,1,7+10=?,17,17,2.442420959,1,-LcC9ugDAkclZB5AjqbU
-LcCA43Yuu44DgBwrVQh,1,10,Colegio la Ensenanza,1,5,4,46+37=?,83,83,9.642282486,1,-LcC9Y01hq-wpSGPOKxj
-LcCA46A1qSwhAxHNsDj,1,10,Colegio la Ensenanza,1,5,1,5+10=?,15,15,3.981491089,1,-LcC9wOQ-n9_rixV8tVy
-LcCA47lF6fmX68U-yAg,1,10,Colegio la Ensenanza,1,5,2,8+21=?,29,29,6.27337265,1,-LcC9rgHb4ER9LwTW1Kh
-LcCA4igPCUE1rI021er,1,10,Colegio la Ensenanza,1,5,2,3+30=?,33,33,2.425701141,1,-LcC9rgHb4ER9LwTW1Kh
-LcCA4kPP8KJrHi2-H4j,1,10,Colegio la Ensenanza,1,5,0,1+3=?,4,4,9.097388268,1,-LcCA293tWM7qSGphFKa
-LcCA4re_FYnslIrHnsP,1,10,Colegio la Ensenanza,1,5,1,7+10=?,17,17,3.111587524,1,-LcC9wOQ-n9_rixV8tVy
-LcCA4vJQHIyFjwqtS0j,1,9,Colegio la Ensenanza,1,5,1,0+10=?,10,10,4.433181763,1,-LcC9ugDAkclZB5AjqbU
-LcCA51MDoa6Mq2byNYX,1,10,Colegio la Ensenanza,1,5,3,17+10=?,27,27,9.179702759,1,-LcC9dfKMykAfuobp_Z3
-LcCA56aeaic-yVSLkRD,1,10,Colegio la Ensenanza,1,5,3,17+10=?,27,27,6.090602875,1,-LcC9mrulG_GRim-O7f6
-LcCA5WelzZwW1q-bvU1,1,10,Colegio la Ensenanza,1,5,3,13+10=?,23,23,3.262145996,1,-LcC9rgHb4ER9LwTW1Kh
-LcCA5WhHDEEcV75859r,1,10,Colegio la Ensenanza,1,5,4,42+35=?,77,77,14.70924377,1,-LcC9eJjqssJq3TxrRB-
-LcCA5jaBWmSMeKyS5Pp,1,9,Colegio la Ensenanza,1,5,2,2+12=?,14,14,3.345794678,1,-LcC9ugDAkclZB5AjqbU
-LcCA5o8fbNRxu44WiiN,1,10,Colegio la Ensenanza,1,5,4,61+39=?,100,100,7.140163422,1,-LcC9Y01hq-wpSGPOKxj
-LcCA5yidSUatfresM3L,1,10,Colegio la Ensenanza,1,5,3,33+10=?,43,43,3.537559509,1,-LcC9mrulG_GRim-O7f6
-LcCA5zfb_ZrW_OtCqgG,1,10,Colegio la Ensenanza,1,5,0,4+2=?,6,6,5.039178848,1,-LcCA293tWM7qSGphFKa
-LcCA6DiqCdsALItVssG,1,10,Colegio la Ensenanza,1,5,1,0+10=?,10,10,5.570724487,1,-LcC9wOQ-n9_rixV8tVy
-LcCA6J46N35LFWOQOGL,1,9,Colegio la Ensenanza,1,5,4,42+35=?,77,62,11.06336021,1,-LcC9XonlJh6zjm8wRMb
-LcCA6mhGnvNDu4DiItU,1,10,Colegio la Ensenanza,1,5,3,40+10=?,50,50,3.320642471,1,-LcC9mrulG_GRim-O7f6
-LcCA6zsklEm7Xyc99gf,1,9,Colegio la Ensenanza,1,5,2,6+11=?,17,17,5.135795593,1,-LcC9ugDAkclZB5AjqbU
-LcCA7-UZzv_c9ubpaWo,1,10,Colegio la Ensenanza,1,5,3,22+10=?,32,32,6.047077179,1,-LcC9rgHb4ER9LwTW1Kh
-LcCA7ZqG1YTkwA0yis2,1,10,Colegio la Ensenanza,1,5,0,4+3=?,7,7,6.474318504,1,-LcCA293tWM7qSGphFKa
-LcCA7kP0lLK3VlcwkYk,1,10,Colegio la Ensenanza,1,5,0,1+3=?,4,4,2.961595297,1,-LcCA6jhoyzB3v839hh_
-LcCA7kkx5vJ9xlzowBp,1,10,Colegio la Ensenanza,1,5,2,2+12=?,14,14,6.273353577,1,-LcC9wOQ-n9_rixV8tVy
-LcCA8N97Gk4MJoxgop4,1,10,Colegio la Ensenanza,1,5,3,17+10=?,27,-,5.604200363,1,-LcC9rgHb4ER9LwTW1Kh
-LcCA8OGecgujbmlq556,1,10,Colegio la Ensenanza,1,5,3,22+10=?,32,32,22.86193848,1,-LcC9kcyGjlrJufhWjY2
-LcCA8VyDtj8GW4ZcFZR,1,10,Colegio la Ensenanza,1,5,0,3+1=?,4,4,3.854558945,1,-LcCA293tWM7qSGphFKa
-LcCA8dRJYL9ieb0xunV,1,10,Colegio la Ensenanza,1,5,0,4+2=?,6,7,3.661143541,1,-LcCA6jhoyzB3v839hh_
-LcCA9NVZHCG2mcfWvTh,1,10,Colegio la Ensenanza,1,5,0,4+3=?,7,7,3.008533478,1,-LcCA6jhoyzB3v839hh_
-LcCA9Zts_P2raz6Yh4Z,1,10,Colegio la Ensenanza,1,5,2,6+11=?,17,17,7.427661896,1,-LcC9wOQ-n9_rixV8tVy
-LcCA9pcTRmOAx4dpT4k,1,10,Colegio la Ensenanza,1,5,0,3+1=?,4,4,1.855074883,1,-LcCA6jhoyzB3v839hh_
-LcCA9zFCbHbzOHzWcm5,1,10,Colegio la Ensenanza,1,5,3,33+10=?,43,43,20.26551437,1,-LcC9dfKMykAfuobp_Z3
-LcCAA-AGR_r9qCrzdko,1,10,Colegio la Ensenanza,1,5,3,33+10=?,43,43,6.674844742,1,-LcC9rgHb4ER9LwTW1Kh
-LcCAA20-NX0oBd_amhQ,1,10,Colegio la Ensenanza,1,5,0,6+4=?,10,10,6.274101257,1,-LcCA293tWM7qSGphFKa
-LcCAACYmXhoFsOf4Tz7,1,10,Colegio la Ensenanza,1,5,3,17+10=?,27,27,7.453884125,1,-LcC9kcyGjlrJufhWjY2
-LcCAAHSTpWaKa5S_18U,1,10,Colegio la Ensenanza,1,5,0,1+3=?,4,4,6.150546551,1,-LcCA8bNkQuF7X0cPxVc
-LcCAAcHvKoSx4FpCusY,1,10,Colegio la Ensenanza,1,5,0,6+4=?,10,10,3.242183685,1,-LcCA6jhoyzB3v839hh_
-LcCAAiqyBRd9yfq6GYB,1,10,Colegio la Ensenanza,1,5,3,40+10=?,50,50,2.977760315,1,-LcC9rgHb4ER9LwTW1Kh
-LcCAAmw8zpCSfMWXiId,1,10,Colegio la Ensenanza,1,5,3,40+10=?,50,50,3.306972504,1,-LcC9dfKMykAfuobp_Z3
-LcCAAosJ-Tc7qTxwe1H,1,10,Colegio la Ensenanza,1,5,1,1+10=?,11,11,3.187108994,1,-LcCA293tWM7qSGphFKa
-LcCAAt2leNQr34tBGnx,1,9,Colegio la Ensenanza,1,5,2,7+17=?,24,24,15.89997292,1,-LcC9ugDAkclZB5AjqbU
-LcCAB7Ty9xfAuTbmVsO,1,10,Colegio la Ensenanza,1,5,1,1+10=?,11,11,2.072740555,1,-LcCA6jhoyzB3v839hh_
-LcCABEDtQEHF4mog0Pu,1,10,Colegio la Ensenanza,1,5,0,4+2=?,6,6,3.897984982,1,-LcCA8bNkQuF7X0cPxVc
-LcCABYKfbVXrvEu1WBW,1,10,Colegio la Ensenanza,1,5,1,3+10=?,13,13,2.97019577,1,-LcCA293tWM7qSGphFKa
-LcCABhBvcKP4m4bDK5i,1,10,Colegio la Ensenanza,1,5,3,33+10=?,43,43,6.116546631,1,-LcC9kcyGjlrJufhWjY2
-LcCAC05GQSa2dXbYNGE,1,10,Colegio la Ensenanza,1,5,1,3+10=?,13,13,3.610532761,1,-LcCA6jhoyzB3v839hh_
-LcCAC59ezHkyGJ9TK77,1,10,Colegio la Ensenanza,1,5,4,17+25=?,42,34,21.72536087,1,-LcC9mrulG_GRim-O7f6
-LcCACMB8MLhSxC4HpFT,1,10,Colegio la Ensenanza,1,5,1,5+10=?,15,15,3.320594788,1,-LcCA293tWM7qSGphFKa
-LcCACVKh_smKS2uNLg_,1,10,Colegio la Ensenanza,1,5,0,4+3=?,7,7,5.190794945,1,-LcCA8bNkQuF7X0cPxVc
-LcCACW0pxOreuvqjCSD,1,10,Colegio la Ensenanza,1,5,4,17+25=?,42,42,7.310544968,1,-LcC9rgHb4ER9LwTW1Kh
-LcCACYfpmqjaN5bApzD,1,10,Colegio la Ensenanza,1,5,1,5+10=?,15,15,2.222827911,1,-LcCA6jhoyzB3v839hh_
-LcCACnCLkrSIMQurZAb,1,10,Colegio la Ensenanza,1,5,4,25+25=?,50,50,2.886787415,1,-LcC9mrulG_GRim-O7f6
-LcCACt4cYFkDn3pJQby,1,9,Colegio la Ensenanza,1,5,4,46+37=?,83,83,26.94023132,1,-LcC9XonlJh6zjm8wRMb
-LcCAD1Ad2AluvzJV-MA,1,10,Colegio la Ensenanza,1,5,1,7+10=?,17,17,2.753276825,1,-LcCA293tWM7qSGphFKa
-LcCAD31kwAeDDZYKZmZ,1,10,Colegio la Ensenanza,1,5,0,3+1=?,4,4,2.284664154,1,-LcCA8bNkQuF7X0cPxVc
-LcCADCiprYUaWbnE-bw,1,10,Colegio la Ensenanza,1,5,1,7+10=?,17,17,2.691385269,1,-LcCA6jhoyzB3v839hh_
-LcCADKcUfy4PfWxjqdY,1,10,Colegio la Ensenanza,1,5,3,40+10=?,50,50,6.670949936,1,-LcC9kcyGjlrJufhWjY2
-LcCADdW36sB3HOWZQsB,1,10,Colegio la Ensenanza,1,5,1,0+10=?,10,10,2.519657135,1,-LcCA293tWM7qSGphFKa
-LcCADlGEdmF_KAoMlM0,1,10,Colegio la Ensenanza,1,5,4,46+37=?,83,83,33.77511597,1,-LcC9eJjqssJq3TxrRB-
-LcCADovmxVd88NRBnj2,1,10,Colegio la Ensenanza,1,5,1,0+10=?,10,10,2.507076263,1,-LcCA6jhoyzB3v839hh_
-LcCAE1FPSu5KEGqlLQN,1,10,Colegio la Ensenanza,1,5,4,25+25=?,50,50,6.223201752,1,-LcC9rgHb4ER9LwTW1Kh
-LcCAEYTrGeHW6ZRV60v,1,10,Colegio la Ensenanza,1,5,2,2+12=?,14,14,2.974891663,1,-LcCA6jhoyzB3v839hh_
-LcCAEZdqhjrEZ4hIJve,1,10,Colegio la Ensenanza,1,5,0,6+4=?,10,10,6.183412552,1,-LcCA8bNkQuF7X0cPxVc
-LcCAEeBUKViwIJVN4lS,1,10,Colegio la Ensenanza,1,5,2,2+12=?,14,14,4.138244629,1,-LcCA293tWM7qSGphFKa
-LcCAFCcWVNIPBBAksmf,1,10,Colegio la Ensenanza,1,5,4,42+35=?,77,77,4.817905426,1,-LcC9rgHb4ER9LwTW1Kh
-LcCAFGYnST-hDyAcnCo,1,10,Colegio la Ensenanza,1,5,1,1+10=?,11,11,2.873138428,1,-LcCA8bNkQuF7X0cPxVc
-LcCAFUu12MGOGqmyxIW,1,9,Colegio la Ensenanza,1,5,2,8+21=?,29,29,18.87024498,1,-LcC9ugDAkclZB5AjqbU
-LcCAFVlgRrJg3zdVESy,1,10,Colegio la Ensenanza,1,5,4,42+35=?,77,77,11.09650421,1,-LcC9mrulG_GRim-O7f6
-LcCAFa2yeL3ATKUMCjV,1,10,Colegio la Ensenanza,1,5,2,6+11=?,17,17,3.837879181,1,-LcCA293tWM7qSGphFKa
-LcCAGMl0FNNK3mBaaNZ,1,9,Colegio la Ensenanza,1,5,2,3+30=?,33,33,3.57998085,1,-LcC9ugDAkclZB5AjqbU
-LcCAGNQ-YyVH2FaQ2Eo,1,10,Colegio la Ensenanza,1,5,1,3+10=?,13,13,4.536834717,1,-LcCA8bNkQuF7X0cPxVc
-LcCAGSWQOZrzFXS9TES,1,11,Colegio la Ensenanza,1,5,0,1+3=?,4,4,7.726788044,1,-LcCAERVMB1uRl7-ozVN
-LcCAGhxGJ76XvU3ThZP,2,10,Colegio la Ensenanza,1,5,2,7+17=?,24,24,29.2183075,1,-LcC9wOQ-n9_rixV8tVy
-LcCAGxRL3qWewewQtJa,1,10,Colegio la Ensenanza,1,5,2,6+11=?,17,17,9.861673355,1,-LcCA6jhoyzB3v839hh_
-LcCAH1BTTIcsqQbXlHT,1,10,Colegio la Ensenanza,1,5,1,5+10=?,15,15,2.67216301,1,-LcCA8bNkQuF7X0cPxVc
-LcCAHh6f7-qBUBKOcrA,1,10,Colegio la Ensenanza,1,5,2,7+17=?,24,24,8.619298935,1,-LcCA293tWM7qSGphFKa
-LcCAHwJiz_HKmOVITxi,1,10,Colegio la Ensenanza,1,5,2,8+21=?,29,29,5.018680573,1,-LcC9wOQ-n9_rixV8tVy
-LcCAI4ek2dUsJH2YHEE,1,10,Colegio la Ensenanza,1,5,1,7+10=?,17,17,4.319076538,1,-LcCA8bNkQuF7X0cPxVc
-LcCAIQ-wgNNl7GM9lQ0,1,10,Colegio la Ensenanza,1,5,4,46+37=?,83,83,11.92655468,1,-LcC9mrulG_GRim-O7f6
-LcCAITlytJsBIxheQkC,1,10,Colegio la Ensenanza,1,5,2,3+30=?,33,33,2.208221436,1,-LcC9wOQ-n9_rixV8tVy
-LcCAIvjbIZlv1nXANBw,1,10,Colegio la Ensenanza,1,5,4,46+37=?,83,67,15.24008942,1,-LcC9rgHb4ER9LwTW1Kh
-LcCAJ-nKDq8xjuXBiJT,1,9,Colegio la Ensenanza,1,5,3,13+10=?,23,23,10.80689621,1,-LcC9ugDAkclZB5AjqbU
-LcCAJKbTGHJCv8v6fWB,3,10,Colegio la Ensenanza,1,5,2,7+17=?,24,24,9.728469849,1,-LcCA6jhoyzB3v839hh_
-LcCAJMC1HMA-2su_fgG,1,10,Colegio la Ensenanza,1,5,3,13+10=?,23,23,3.596717834,1,-LcC9wOQ-n9_rixV8tVy
-LcCAJXd-vQlS1tZkAde,1,10,Colegio la Ensenanza,1,5,1,0+10=?,10,10,5.949794769,1,-LcCA8bNkQuF7X0cPxVc
-LcCAJvv7_ivnPWSW9XQ,1,10,Colegio la Ensenanza,1,5,4,61+39=?,100,-,4.098575592,1,-LcC9rgHb4ER9LwTW1Kh
-LcCAK4EEwHM2hJiauFu,1,11,Colegio la Ensenanza,1,5,0,4+2=?,6,6,14.83073616,1,-LcCAERVMB1uRl7-ozVN
-LcCAKJ-kte5E-wlHysU,1,10,Colegio la Ensenanza,1,5,2,2+12=?,14,14,3.160060883,1,-LcCA8bNkQuF7X0cPxVc
-LcCAKMdyE8zqoaGrcGY,1,10,Colegio la Ensenanza,1,5,2,8+21=?,29,29,10.9129076,1,-LcCA293tWM7qSGphFKa
-LcCAKQz5Shjxo13S2HB,1,10,Colegio la Ensenanza,1,5,4,61+39=?,100,100,27.29514313,1,-LcC9eJjqssJq3TxrRB-
-LcCAKigQIZmLO2t3Fj-,1,9,Colegio la Ensenanza,1,5,3,22+10=?,32,32,7.042881012,1,-LcC9ugDAkclZB5AjqbU
-LcCAKlvlzeaNY3Q51tn,1,10,Colegio la Ensenanza,1,5,4,17+25=?,42,42,30.483284,1,-LcC9kcyGjlrJufhWjY2
-LcCAKwkY83-XauE6TtR,1,11,Colegio la Ensenanza,1,5,0,4+3=?,7,7,3.553472519,1,-LcCAERVMB1uRl7-ozVN
-LcCAKyZLev7FcFBFAI_,2,10,Colegio la Ensenanza,1,5,4,17+25=?,42,34,41.6926384,1,-LcC9dfKMykAfuobp_Z3
-LcCALANFmiqmCaCgJWK,1,10,Colegio la Ensenanza,1,5,2,8+21=?,29,29,7.554412842,1,-LcCA6jhoyzB3v839hh_
-LcCALGLWTrQvY3xnyt0,1,10,Colegio la Ensenanza,1,5,2,3+30=?,33,33,3.687698364,1,-LcCA293tWM7qSGphFKa
-LcCALiojXllNTyjrQoe,1,11,Colegio la Ensenanza,1,5,0,3+1=?,4,4,3.20347023,1,-LcCAERVMB1uRl7-ozVN
-LcCAMDJrUhOZHK0EeEj,1,10,Colegio la Ensenanza,1,5,4,25+25=?,50,50,5.916355133,1,-LcC9kcyGjlrJufhWjY2
-LcCAMgkRPfTmC2Y2upZ,1,10,Colegio la Ensenanza,1,5,4,25+25=?,50,50,7.05287075,1,-LcC9dfKMykAfuobp_Z3
-LcCAMk02tBTXIAwut8w,1,10,Colegio la Ensenanza,1,5,3,13+10=?,23,23,6.057155609,1,-LcCA293tWM7qSGphFKa
-LcCAMmsS7kHrIn02h7Z,5,10,Colegio la Ensenanza,1,5,2,3+30=?,33,27,6.610714436,1,-LcCA6jhoyzB3v839hh_
-LcCAN3zykpFk8hY8lN4,1,9,Colegio la Ensenanza,1,5,3,17+10=?,27,27,9.619140625,1,-LcC9ugDAkclZB5AjqbU
-LcCAN8YEBozKFTkjRTp,1,10,Colegio la Ensenanza,1,5,4,61+39=?,100,100,19.35634422,1,-LcC9mrulG_GRim-O7f6
-LcCANusXmhoqlcWyBDt,1,10,Colegio la Ensenanza,1,5,3,13+10=?,23,23,4.596600533,1,-LcCA6jhoyzB3v839hh_
-LcCANygIHJ4hCdmgweL,1,10,Colegio la Ensenanza,1,5,3,22+10=?,32,32,5.039287567,1,-LcCA293tWM7qSGphFKa
-LcCAO8VX4w1GOpHai3d,1,10,Colegio la Ensenanza,1,5,3,22+10=?,32,32,19.60635376,1,-LcC9wOQ-n9_rixV8tVy
-LcCAOOBmwT5gUlHEJJe,1,9,Colegio la Ensenanza,1,5,4,61+39=?,100,100,47.08073425,1,-LcC9XonlJh6zjm8wRMb
-LcCAOcpAwSbpQoqPUOV,1,10,Colegio la Ensenanza,1,5,2,6+11=?,17,17,17.7069664,1,-LcCA8bNkQuF7X0cPxVc
-LcCAOf2rY2cMrwnEqi8,1,10,Colegio la Ensenanza,1,5,4,42+35=?,77,77,8.082749367,1,-LcC9dfKMykAfuobp_Z3
-LcCAOoyukSiIdcdgKZJ,1,9,Colegio la Ensenanza,1,5,3,33+10=?,43,43,7.153286457,1,-LcC9ugDAkclZB5AjqbU
-LcCAOrWPCsx5NnAECEc,1,11,Colegio la Ensenanza,1,5,0,6+4=?,10,10,12.84630775,1,-LcCAERVMB1uRl7-ozVN
-LcCAP2-YbQmITdN6euy,1,10,Colegio la Ensenanza,1,5,3,22+10=?,32,32,4.629829407,1,-LcCA6jhoyzB3v839hh_
-LcCAPKiIwkCePP_1Lbw,1,10,Colegio la Ensenanza,1,5,3,17+10=?,27,27,5.57326889,1,-LcCA293tWM7qSGphFKa
-LcCAPXRFKUIyHsny1NL,1,9,Colegio la Ensenanza,1,5,3,40+10=?,50,50,2.910830498,1,-LcC9ugDAkclZB5AjqbU
-LcCAQ-IueatSvX1vC6f,1,11,Colegio la Ensenanza,1,5,1,1+10=?,11,11,4.654510498,1,-LcCAERVMB1uRl7-ozVN
-LcCAQ-UZqIA0Xy3J4eM,1,10,Colegio la Ensenanza,1,5,3,17+10=?,27,27,7.552667618,1,-LcC9wOQ-n9_rixV8tVy
-LcCAQ1_cFl37j-f-PFy,1,10,Colegio la Ensenanza,1,5,3,17+10=?,27,27,4.061222076,1,-LcCA6jhoyzB3v839hh_
-LcCAQEY5b-b050zxwTl,1,10,Colegio la Ensenanza,1,5,2,7+17=?,24,24,6.57302475,1,-LcCA8bNkQuF7X0cPxVc
-LcCAQSvH4zPWunei46R,1,10,Colegio la Ensenanza,1,5,3,33+10=?,43,43,4.622169495,1,-LcCA293tWM7qSGphFKa
-LcCAQz6YwyC24uVHega,1,11,Colegio la Ensenanza,1,5,1,3+10=?,13,13,4.020893097,1,-LcCAERVMB1uRl7-ozVN
-LcCAR8m--yQQ_m8_eA_,1,10,Colegio la Ensenanza,1,5,4,46+37=?,83,67,10.15752029,1,-LcC9dfKMykAfuobp_Z3
-LcCARJN1uhvHTtaLbEF,1,10,Colegio la Ensenanza,1,5,3,33+10=?,43,43,5.231548309,1,-LcCA6jhoyzB3v839hh_
-LcCARNNYZZf8ARfvvyo,1,10,Colegio la Ensenanza,1,5,3,40+10=?,50,50,3.73777771,1,-LcCA293tWM7qSGphFKa
-LcCARip0rcp8i9rVP6x,1,10,Colegio la Ensenanza,1,5,4,42+35=?,77,77,22.56190491,1,-LcC9kcyGjlrJufhWjY2
-LcCARohYHeE6efe_BDp,1,10,Colegio la Ensenanza,1,5,2,8+21=?,29,29,6.488424301,1,-LcCA8bNkQuF7X0cPxVc
-LcCAS5izjjdNss4kWaE,1,10,Colegio la Ensenanza,1,5,3,33+10=?,43,43,8.598674774,1,-LcC9wOQ-n9_rixV8tVy
-LcCASEVI14Ln50UCX8_,1,10,Colegio la Ensenanza,1,5,3,40+10=?,50,50,3.794906616,1,-LcCA6jhoyzB3v839hh_
-LcCASXw2WWXdn2hlwBr,1,11,Colegio la Ensenanza,1,5,1,5+10=?,15,15,6.390102386,1,-LcCAERVMB1uRl7-ozVN
-LcCAScey2x0zzdYa8Hl,1,10,Colegio la Ensenanza,1,5,2,3+30=?,33,33,3.328117371,1,-LcCA8bNkQuF7X0cPxVc
-LcCATKX3r-WplrVyvda,1,10,Colegio la Ensenanza,1,5,3,40+10=?,50,50,5.035402298,1,-LcC9wOQ-n9_rixV8tVy
-LcCAUedwfFciYqlVHih,1,10,Colegio la Ensenanza,1,5,4,61+39=?,100,100,14.39316559,1,-LcC9dfKMykAfuobp_Z3
-LcCAVVOfRN46zb4HufS,1,10,Colegio la Ensenanza,1,5,4,17+25=?,42,34,13.35428619,1,-LcCA6jhoyzB3v839hh_
-LcCAVh8PuWQg-X6UVWD,1,10,Colegio la Ensenanza,1,5,4,17+25=?,42,34,9.702781677,1,-LcC9wOQ-n9_rixV8tVy
-LcCAWMRyWZAaH2TCZ3N,1,10,Colegio la Ensenanza,1,5,3,13+10=?,23,23,15.28245163,1,-LcCA8bNkQuF7X0cPxVc
-LcCAWMrhuzr9xFHDiP1,1,10,Colegio la Ensenanza,1,5,4,25+25=?,50,50,3.560352325,1,-LcCA6jhoyzB3v839hh_
-LcCAX031etewPMktJxv,1,11,Colegio la Ensenanza,1,5,1,7+10=?,17,17,18.30577087,1,-LcCAERVMB1uRl7-ozVN
-LcCAX20dSPEbSKItzrX,1,10,Colegio la Ensenanza,1,5,4,25+25=?,50,50,5.503833771,1,-LcC9wOQ-n9_rixV8tVy
-LcCAXiGrgeFraZNvXd-,1,11,Colegio la Ensenanza,1,5,1,0+10=?,10,10,2.886642456,1,-LcCAERVMB1uRl7-ozVN
-LcCAXmsXjRMMUuzAdLY,1,10,Colegio la Ensenanza,1,5,3,22+10=?,32,32,5.851436615,1,-LcCA8bNkQuF7X0cPxVc
-LcCAXsrmAjVXEfKxyWZ,1,10,Colegio la Ensenanza,1,5,4,42+35=?,77,77,6.201320648,1,-LcCA6jhoyzB3v839hh_
-LcCAYFmnaIgPoLIiVNy,1,10,Colegio la Ensenanza,1,5,4,46+37=?,83,83,26.72612762,1,-LcC9kcyGjlrJufhWjY2
-LcCAYSxNYvj0PpC0C-C,1,11,Colegio la Ensenanza,1,5,2,2+12=?,14,14,3.053085327,1,-LcCAERVMB1uRl7-ozVN
-LcCAYo167SsyNHrW2mW,1,10,Colegio la Ensenanza,1,5,3,17+10=?,27,27,4.170917511,1,-LcCA8bNkQuF7X0cPxVc
-LcCAZ-HvZxXFwqMgjSV,1,10,Colegio la Ensenanza,1,5,4,42+35=?,77,77,8.013175964,1,-LcC9wOQ-n9_rixV8tVy
-LcCAZ4T4uTOEc6NkoLh,2,10,Colegio la Ensenanza,1,5,4,17+25=?,42,34,31.53294373,1,-LcCA293tWM7qSGphFKa
-LcCA_3QMOrClczW6T1z,1,10,Colegio la Ensenanza,1,5,4,46+37=?,83,67,8.942138672,1,-LcCA6jhoyzB3v839hh_
-LcCA_OEXC3wH7rx0lRm,1,9,Colegio la Ensenanza,1,5,4,17+25=?,42,42,44.46549606,1,-LcC9ugDAkclZB5AjqbU
-LcCA_S8WQ_1U-F4I-KT,1,10,Colegio la Ensenanza,1,5,3,33+10=?,43,43,6.726806641,1,-LcCA8bNkQuF7X0cPxVc
-LcCAa4s9geoF1lgt0dq,1,10,Colegio la Ensenanza,1,5,3,40+10=?,50,50,2.606788635,1,-LcCA8bNkQuF7X0cPxVc
-LcCAaAwHeeGcgK62EUm,1,10,Colegio la Ensenanza,1,5,4,61+39=?,100,120,11.98322678,1,-LcC9kcyGjlrJufhWjY2
-LcCAaDwUF7NBWwAS88p,1,10,Colegio la Ensenanza,1,5,4,46+37=?,83,83,9.133991241,1,-LcC9wOQ-n9_rixV8tVy
-LcCAat5Xb5TRdljYX8F,1,10,Colegio la Ensenanza,1,5,4,25+25=?,50,50,11.49691963,1,-LcCA293tWM7qSGphFKa
-LcCAbl2nZ5ybEiWkDVV,1,10,Colegio la Ensenanza,1,5,4,61+39=?,100,100,11.04331779,1,-LcCA6jhoyzB3v839hh_
-LcCAbnTPgrs-zPCs98w,1,10,Colegio la Ensenanza,1,5,4,17+25=?,42,34,7.007187843,1,-LcCA8bNkQuF7X0cPxVc
-LcCAcSB1VdIo7_qS2Nn,1,9,Colegio la Ensenanza,1,5,4,25+25=?,50,40,12.50656033,1,-LcC9ugDAkclZB5AjqbU
-LcCAcTpc3WFeE4aVxFy,1,10,Colegio la Ensenanza,1,5,4,25+25=?,50,50,2.775530815,1,-LcCA8bNkQuF7X0cPxVc
-LcCAccvfJ1oM12nRPvY,1,10,Colegio la Ensenanza,1,5,4,61+39=?,100,80,9.85332489,1,-LcC9wOQ-n9_rixV8tVy
-LcCAdaoFJwVOXZjTwkQ,1,10,Colegio la Ensenanza,1,5,4,42+35=?,77,77,11.11315536,1,-LcCA293tWM7qSGphFKa
-LcCAea5po9O0AXa56ug,1,10,Colegio la Ensenanza,1,5,0,1+3=?,4,4,4.371757507,1,-LcCAdMGQWQ_sqo-QFtH
-LcCAenikXooGOv8VM7G,1,11,Colegio la Ensenanza,1,5,2,6+11=?,17,14,30.06361771,1,-LcCAERVMB1uRl7-ozVN
-LcCAfCdi5sP6OaPP6V4,1,10,Colegio la Ensenanza,1,5,0,4+2=?,6,6,2.531285763,1,-LcCAdMGQWQ_sqo-QFtH
-LcCAfiyNRN2E-_t--O-,1,10,Colegio la Ensenanza,1,5,4,42+35=?,77,62,13.32002831,1,-LcCA8bNkQuF7X0cPxVc
-LcCAflV5l9zVIDeoB5-,1,9,Colegio la Ensenanza,1,5,4,42+35=?,77,77,13.58390617,1,-LcC9ugDAkclZB5AjqbU
-LcCAg4m4db_Ljp_jOtO,1,10,Colegio la Ensenanza,1,5,0,4+3=?,7,7,3.593298435,1,-LcCAdMGQWQ_sqo-QFtH
-LcCAgZc159LmFD1HnZE,1,10,Colegio la Ensenanza,1,5,0,3+1=?,4,4,1.973789215,1,-LcCAdMGQWQ_sqo-QFtH
-LcCAh35rDPi7zPjieeG,1,10,Colegio la Ensenanza,1,5,4,46+37=?,83,67,5.447685242,1,-LcCA8bNkQuF7X0cPxVc
-LcCAhZw14fC5ugxRxz1,1,10,Colegio la Ensenanza,1,5,0,6+4=?,10,10,4.116449356,1,-LcCAdMGQWQ_sqo-QFtH
-LcCAhhOyJ0kU4qbXmqd,1,10,Colegio la Ensenanza,1,5,4,46+37=?,83,83,16.81996155,1,-LcCA293tWM7qSGphFKa
-LcCAhpMTKQOlw7g2ZUj,1,9,Colegio la Ensenanza,1,5,4,46+37=?,83,99,8.431388855,1,-LcC9ugDAkclZB5AjqbU
-LcCAi2XiuYKKzRMKdG6,1,10,Colegio la Ensenanza,1,5,1,1+10=?,11,11,1.9572258,1,-LcCAdMGQWQ_sqo-QFtH
-LcCAiApmlfecJXxNqxz,1,10,Colegio la Ensenanza,1,5,4,61+39=?,100,80,4.591106415,1,-LcCA8bNkQuF7X0cPxVc
-LcCAiZIKAVHyyAxurAN,1,11,Colegio la Ensenanza,1,5,2,7+17=?,24,20,15.38751316,1,-LcCAERVMB1uRl7-ozVN
-LcCAi_1uQLibaY9uS82,1,10,Colegio la Ensenanza,1,5,1,3+10=?,13,13,2.143100739,1,-LcCAdMGQWQ_sqo-QFtH
-LcCAj6p2juEciXNph7t,1,10,Colegio la Ensenanza,1,5,1,5+10=?,15,15,2.22731781,1,-LcCAdMGQWQ_sqo-QFtH
-LcCAjH9z7NWz0YezkHC,1,9,Colegio la Ensenanza,1,5,4,61+39=?,100,100,5.955490112,1,-LcC9ugDAkclZB5AjqbU
-LcCAjdIg58bkHAsBKkn,1,10,Colegio la Ensenanza,1,5,1,7+10=?,17,17,2.143234253,1,-LcCAdMGQWQ_sqo-QFtH
-LcCAk1e1ejbSFuWf_wh,1,11,Colegio la Ensenanza,1,5,2,8+21=?,29,24,6.03885746,1,-LcCAERVMB1uRl7-ozVN
-LcCAk5_8hwC4DtyQPSj,1,10,Colegio la Ensenanza,1,5,1,0+10=?,10,10,1.873077393,1,-LcCAdMGQWQ_sqo-QFtH
-LcCAkha6a6nf5bWbJbL,1,10,Colegio la Ensenanza,1,5,2,2+12=?,14,14,2.497560501,1,-LcCAdMGQWQ_sqo-QFtH
-LcCAksafHTIHI5yVnOr,1,11,Colegio la Ensenanza,1,5,2,3+30=?,33,33,3.45344162,1,-LcCAERVMB1uRl7-ozVN
-LcCAm3aOwxWSs54FpJC,1,10,Colegio la Ensenanza,1,5,2,6+11=?,17,17,5.568031311,1,-LcCAdMGQWQ_sqo-QFtH
-LcCAmK7g1DE9cR68kFP,1,10,Colegio la Ensenanza,1,5,4,61+39=?,100,80,18.90068436,1,-LcCA293tWM7qSGphFKa
-LcCAn81sQfYc7PAZ-lm,1,11,Colegio la Ensenanza,1,5,3,13+10=?,23,23,9.242887497,1,-LcCAERVMB1uRl7-ozVN
-LcCAo2S-OJwMHkRkn5a,1,11,Colegio la Ensenanza,1,5,3,22+10=?,32,26,3.737184525,1,-LcCAERVMB1uRl7-ozVN
-LcCAo2wyFt1RHZf8zGk,1,10,Colegio la Ensenanza,1,5,2,7+17=?,24,24,8.149810791,1,-LcCAdMGQWQ_sqo-QFtH
-LcCAooy8S_Zii1MS_DT,1,10,Colegio la Ensenanza,1,5,2,8+21=?,29,29,3.138343811,1,-LcCAdMGQWQ_sqo-QFtH
-LcCApE4OwJGwKuJxIW4,1,10,Colegio la Ensenanza,1,5,2,3+30=?,33,33,1.67017746,1,-LcCAdMGQWQ_sqo-QFtH
-LcCApv6rRStOwxcPB55,1,10,Colegio la Ensenanza,1,5,3,13+10=?,23,23,2.817588806,1,-LcCAdMGQWQ_sqo-QFtH
-LcCAqCqJO6dI6H-qElj,1,11,Colegio la Ensenanza,1,5,3,17+10=?,27,27,8.858997345,1,-LcCAERVMB1uRl7-ozVN
-LcCAr1HHirbXgLDD62q,1,10,Colegio la Ensenanza,1,5,3,22+10=?,32,32,4.556106567,1,-LcCAdMGQWQ_sqo-QFtH
-LcCAs5GMOG2wnX_i_1e,1,11,Colegio la Ensenanza,1,5,3,33+10=?,43,43,7.707885742,1,-LcCAERVMB1uRl7-ozVN
-LcCAsLd-uTCJhnz64vN,1,10,Colegio la Ensenanza,1,5,3,17+10=?,27,27,5.397461414,1,-LcCAdMGQWQ_sqo-QFtH
-LcCAt-PiUEKqeiWhK4F,1,11,Colegio la Ensenanza,1,5,3,40+10=?,50,50,3.72051239,1,-LcCAERVMB1uRl7-ozVN
-LcCAt1hiV-Rv8TLM8YZ,1,10,Colegio la Ensenanza,1,5,3,33+10=?,43,43,2.818384409,1,-LcCAdMGQWQ_sqo-QFtH
-LcCAt_Fg1iLfFL6BL9M,1,10,Colegio la Ensenanza,1,5,3,40+10=?,50,50,2.210858345,1,-LcCAdMGQWQ_sqo-QFtH
-LcCAupCO0Y3ne1bmCX-,1,11,Colegio la Ensenanza,1,5,4,17+25=?,42,34,7.473789215,1,-LcCAERVMB1uRl7-ozVN
-LcCAvW-uMKeDlbTxJIV,1,11,Colegio la Ensenanza,1,5,4,25+25=?,50,50,2.802768707,1,-LcCAERVMB1uRl7-ozVN
-LcCAwgMI4IteSIhb7hL,2,11,Colegio la Ensenanza,1,5,4,42+35=?,77,62,4.81209898,1,-LcCAERVMB1uRl7-ozVN
-LcCAxuEnSfdURGKc41x,1,10,Colegio la Ensenanza,1,5,4,17+25=?,42,42,17.72764015,1,-LcCAdMGQWQ_sqo-QFtH
-LcCAy4B8CmI32ebd5_f,1,11,Colegio la Ensenanza,1,5,4,46+37=?,83,67,5.691563606,1,-LcCAERVMB1uRl7-ozVN
-LcCAz2CsDYHoldasWQM,1,10,Colegio la Ensenanza,1,5,4,25+25=?,50,50,4.670127869,1,-LcCAdMGQWQ_sqo-QFtH
-LcCB-n91Jq0mg7l1r6L,1,10,Colegio la Ensenanza,1,5,4,42+35=?,77,77,7.165302277,1,-LcCAdMGQWQ_sqo-QFtH
-LcCB-qluMtLeguQGAgv,1,11,Colegio la Ensenanza,1,5,4,61+39=?,100,100,11.36177063,1,-LcCAERVMB1uRl7-ozVN
-LcCB2gsx-0XpH0m3rfB,1,10,Colegio la Ensenanza,1,5,4,46+37=?,83,83,11.88579178,1,-LcCAdMGQWQ_sqo-QFtH
-LcCB46lS4oyJG46QjxB,1,10,Colegio la Ensenanza,1,5,4,61+39=?,100,100,5.817176819,1,-LcCAdMGQWQ_sqo-QFtH
